{"_runtime":43844.8568205,"_timestamp":1.7279966261531506e+09,"_wandb":{"runtime":43844},"test_acc_top5":92.18,"train_acc":94.746,"train_loss":1.4922201022338868,"_step":239,"test_acc":72.69,"test_loss":1.3008638392448426}