{"_runtime":32965.7839725,"test_acc_top5":55.51,"_wandb":{"runtime":32965},"train_loss":0.41953131091117857,"test_acc":25.01,"_timestamp":1.7311861013477454e+09,"_step":239,"train_acc":24.956,"test_loss":3.126779549407959}