{"_wandb":{"runtime":494},"_runtime":397.4637525,"test_acc":12.99,"test_loss":3.7204812675476076,"_timestamp":1.7277861257909e+09,"train_acc":0.98,"test_acc_top5":39.39,"train_loss":14.818586593017578,"_step":1}