{"_runtime":33454.9881999,"train_loss":0.13411107261657715,"test_acc_top5":93.15,"test_acc":75.77,"test_loss":1.170767643737793,"_step":239,"_timestamp":1.731186529995455e+09,"train_acc":95.862,"_wandb":{"runtime":33454}}