{"test_acc":75.2,"test_acc_top5":93.34,"_timestamp":1.728266728608317e+09,"_wandb":{"runtime":41965},"train_acc":95.826,"test_loss":1.203052246570587,"_runtime":41965.3793728,"_step":239,"train_loss":0.13500767859458923}