{"_runtime":48527.9426927,"_wandb":{"runtime":48527},"train_acc":87.108,"test_acc_top5":91.91,"_timestamp":1.7304202161935017e+09,"test_acc":72.3,"_step":239,"test_loss":1.2702620572090149,"train_loss":0.17053762008666992}