{"_timestamp":1.7304202173208466e+09,"test_acc":24.1,"_wandb":{"runtime":48522},"train_acc":23.214,"test_loss":3.17145087852478,"_step":239,"train_loss":0.4247303838825226,"test_acc_top5":54.05,"_runtime":48522.5747105}