{"_step":239,"train_acc":67.508,"test_acc_top5":86.43,"_runtime":37059.1030095,"_wandb":{"runtime":37059},"test_acc":59.9,"test_loss":1.6698276531219483,"_timestamp":1.7278234343896356e+09,"train_loss":5.040484468994141}