{"_wandb":{"runtime":40718},"test_acc":75.11,"train_acc":96.046,"test_acc_top5":93.24,"_runtime":40718.5140815,"_step":239,"train_loss":0.13361697595119476,"test_loss":1.2059666209220887,"_timestamp":1.7299056131920805e+09}