{"test_loss":1.434419887638092,"_wandb":{"runtime":44445},"_step":239,"train_acc":73.586,"test_acc_top5":89.53,"train_loss":4.085886042938232,"test_acc":64.57,"_runtime":44445.898165,"_timestamp":1.7280890118996952e+09}