{"_timestamp":1.7293633137751274e+09,"train_loss":0.09319807061672211,"test_acc":75.37,"_step":239,"test_acc_top5":92.97,"_runtime":40688.2425724,"train_acc":95.824,"test_loss":1.1484675372123718,"_wandb":{"runtime":40688}}