{"_timestamp":1.727904553799355e+09,"train_loss":1.5079222932434082,"test_loss":1.3375114665985108,"test_acc_top5":91.97,"_runtime":42825.1482522,"test_acc":71.55,"_wandb":{"runtime":42825},"_step":239,"train_acc":94.772}