{"test_acc":73.76,"train_loss":0.16458038611412049,"test_acc_top5":92.4,"_runtime":33189.5171249,"train_acc":88.36,"_timestamp":1.731186413139783e+09,"_step":239,"test_loss":1.227688263130188,"_wandb":{"runtime":33189}}