{"_step":239,"train_acc":99.002,"_wandb":{"runtime":43548},"test_acc":63.07,"test_loss":1.8514154180526734,"test_acc_top5":86.2,"_runtime":43548.2958093,"train_loss":1.0965928205108642,"_timestamp":1.7279982294512773e+09}