{"test_acc_top5":45.59,"train_loss":0.3040490737247467,"test_acc":18.21,"test_loss":3.4910063610076905,"_runtime":31090.6411205,"_timestamp":1.7292773151287615e+09,"train_acc":16.764,"_wandb":{"runtime":31090},"_step":239}