{"test_acc":16.83,"_wandb":{"runtime":173},"train_acc":0.766,"_runtime":169.9876057,"_timestamp":1.7289149764378548e+09,"train_loss":12.606516686706543,"test_loss":3.4620921367645265,"test_acc_top5":44.16,"_step":1}