{"test_acc":73.53,"_wandb":{"runtime":31049},"_step":239,"test_loss":1.1887672703742982,"_runtime":31049.1969112,"train_loss":0.11144886123657227,"test_acc_top5":92.58,"train_acc":89.166,"_timestamp":1.729277315009721e+09}