{"_wandb":{"runtime":39830},"test_loss":1.1694694679260254,"test_acc_top5":92.8,"train_loss":0.10950065292358399,"_timestamp":1.729448455905601e+09,"_runtime":39830.886765,"_step":239,"test_acc":73.87,"train_acc":89.774}