{"train_loss":4.147169469604492,"test_loss":1.4460948155403137,"test_acc_top5":89.17,"_step":239,"_wandb":{"runtime":46495},"test_acc":64.12,"_timestamp":1.728181591030703e+09,"_runtime":46495.5087189,"train_acc":73.062}