{"_wandb":{"runtime":44516},"_runtime":44516.8043461,"train_acc":95.156,"train_loss":1.458493137588501,"test_acc":72.41,"test_loss":1.289761627960205,"test_acc_top5":92.35,"_step":239,"_timestamp":1.7280890118404891e+09}