{"_step":239,"test_loss":1.138568847322464,"train_acc":96.01,"_wandb":{"runtime":39992},"test_acc_top5":93.19,"_runtime":39992.0095367,"train_loss":0.09243187195062637,"test_acc":75.49,"_timestamp":1.7292332940952127e+09}