{"test_loss":3.668307056045532,"test_acc_top5":38.94,"_step":13,"_wandb":{"runtime":1273},"train_acc":12.336,"train_loss":0.44232365904808046,"_runtime":1203.836358,"test_acc":13.52,"_timestamp":1.730874910223414e+09}